name,region,types,best_months,recommended_days,highlights,vibe,description
Colombo,Western,city; food; culture,Nov–Mar,1,Gangaramaya Temple; Pettah Market; Galle Face Green; Old Dutch Hospital,urban; foodie; historic,"Sri Lanka’s commercial capital—good for food, museums and colonial history."
Negombo,Western,beach; transit,Nov–Mar,1,Negombo Beach; Fish Market; Dutch Canal,airport-base; relaxed,Closest beach town to the international airport; handy for first/last night.
Kandy,Central (Hill Country),culture; city; lake,Jan–Apr; Jul–Sep,1,Temple of the Tooth; Kandy Lake; Royal Botanical Gardens (Peradeniya),cultural; scenic,Historic hill country city and gateway to the scenic highlands.
Sigiriya,Cultural Triangle,history; nature; viewpoints,Jan–Apr; Jun–Sep,1,Sigiriya Rock Fortress; Pidurangala sunrise hike,heritage; adventurous,"Iconic rock citadel in Sri Lanka’s Cultural Triangle, with sweeping views."
Dambulla,Cultural Triangle,history; caves,Jan–Apr; Jun–Sep,1,Dambulla Cave Temples,heritage,UNESCO-listed cave temple complex known for vivid murals and Buddhas.
Polonnaruwa,Cultural Triangle,ruins; history; cycling,Jan–Apr; Jun–Sep,1,Ancient city ruins; Gal Vihara stone Buddhas; cycling between sites,heritage; active,Expansive ancient capital best explored by bicycle.
Anuradhapura,North Central (Cultural Triangle),ruins; pilgrimage; history,Jan–Apr; Jun–Sep,1,Sri Maha Bodhi; Ruwanwelisaya; Abhayagiri Monastery,heritage; spiritual,Sacred ancient city with monumental stupas and a living Buddhist heritage.
Habarana,Cultural Triangle,base; wildlife,Jan–Apr; Jun–Sep,1,Access to Minneriya/Kaudulla safaris; central base for Sigiriya/Polonnaruwa,wildlife-base,Convenient base for safaris and exploring the Cultural Triangle.
Nuwara Eliya,Central (Hill Country),tea; cool climate; lakes,Jan–Apr; Jul–Sep,1,Tea estates; Gregory Lake; base for Horton Plains,colonial; chilled,Cool-climate town amid tea estates; ‘Little England’ vibes.
Ella,Central (Hill Country),nature; viewpoints; hiking,Jan–Apr; Jul–Sep,2,Nine Arch Bridge; Little Adam’s Peak; Ella Rock; scenic train,backpacker; scenic,"Popular hill town with hikes, viewpoints and the island’s most scenic train rides."
Haputale,Central (Hill Country),tea; viewpoints; hiking,Jan–Apr; Jul–Sep,1,Lipton’s Seat; tea factory visits,quiet; scenic,Laid-back tea country with sweeping views and fewer crowds than Ella.
Adam’s Peak (Sri Pada),Central Highlands,pilgrimage; hike,Dec–Apr,1,Night hike; sunrise at the summit; pilgrimage season,pilgrimage; challenging,Famous pilgrimage mountain; best climbed overnight in season for sunrise.
Horton Plains National Park,Central (Hill Country),hiking; nature,Jan–Mar; Jul–Sep,1,World’s End trek; Baker’s Falls,hiking; nature,Highland plateau with iconic World’s End cliff walk and waterfalls.
Galle (Fort),South Coast,heritage; coastal,Nov–Mar,1,Galle Fort ramparts; lighthouse; boutiques; cafes,romantic; historic,UNESCO-listed Dutch fort town with cafes and sunset-walk ramparts.
Unawatuna,South Coast,beach; snorkeling,Nov–Mar,1,Unawatuna Beach; Jungle Beach; Japanese Peace Pagoda,beachy; lively,Close to Galle with a lively beach scene and easy snorkeling.
Mirissa,South Coast,beach; whales,Nov–Mar,2,Coconut Tree Hill; Whale watching (Dec–Apr); Secret Beach,beach; nightlife,South coast favorite for beaches and seasonal whale-watching.
Weligama,South Coast,surf; beach,Nov–Mar,1,Beginner surf beach; stilt fishermen nearby,surf-town,"Beginner-friendly surf bay, great for first lessons."
Hiriketiya (Dikwella),South Coast,beach; surf,Nov–Mar,1,Hiriketiya Bay; cafes; boutique stays,chill; boutique,Horseshoe bay with consistent waves and stylish cafes.
Tangalle,South-East Coast,beach; quiet,Nov–Mar,1,Long beaches; rock pools; Rekawa turtle beach (seasonal),quiet; nature,Quieter stretch of coast with long beaches and fewer crowds.
Yala National Park (Tissamaharama),South-East,safari; wildlife,Feb–Jul,1,Leopards; elephants; varied landscapes,wildlife; adventure,"Sri Lanka’s most famous safari park, known for leopard sightings."
Udawalawe National Park,South,safari; wildlife,Year-round (drier Jan–Mar),1,Large herds of elephants; Udawalawe Reservoir,wildlife; family-friendly,Reliable elephant sightings; a popular alternative to Yala.
Arugam Bay,East Coast,surf; beach,May–Sep,2,Main Point & Peanut Farm surf; laid-back vibe,surf; backpacker,"Laid-back east coast surf town, best in the May–Sep season."
Trincomalee / Nilaveli,East Coast,beach; snorkeling; culture,May–Sep,2,Nilaveli Beach; Pigeon Island snorkeling; Koneswaram Temple,beach; family,Calm east-coast waters ideal for snorkeling in season.
Passikudah / Kalkudah,East Coast,beach; calm bay,May–Sep,1,Shallow bay swimming; long sandy arc,relaxed; resort,"Shallow, sheltered bay with glassy water in season."
Jaffna,Northern,culture; food; islands,Jan–Apr; Jun–Sep,2,Nallur Kovil; Delft Island; Jaffna Fort,cultural; offbeat,"Distinct Tamil culture, food and island day trips in the far north."
Knuckles Mountain Range,Central (near Kandy),trekking; nature,Jan–Mar; Jul–Sep,1,Day hikes; waterfalls; cloud forests,adventure; hiking,UNESCO-listed biosphere with rugged trails and villages.
Kalpitiya,North-West,kitesurfing; dolphins; beach,May–Sep; Nov–Mar,1,Kitesurfing lagoon; dolphin watching (Nov–Mar),adventure; windy,Windy peninsula famous for lagoon kiting and seasonal dolphin trips.
Bentota,South-West Coast,beach; watersports; resort,Nov–Mar,1,Wide beach; river safaris; watersports,resort; family,Classic resort town with long beaches and water activities.
Hikkaduwa,South-West Coast,beach; snorkeling,Nov–Mar,1,Coral reef snorkeling; beach strip,beach; lively,Busy beach town with easy-access snorkeling in season.
